10새기	매춘 언급	선정적 표현
10새리	매춘 언급	선정적 표현
10세리	매춘 언급	선정적 표현
10쉐이	매춘 언급	선정적 표현
10쉑	매춘 언급	선정적 표현
10스	매춘 언급	선정적 표현
10쌔	매춘 언급	선정적 표현
10쌔기	매춘 언급	선정적 표현
10쎄	매춘 언급	선정적 표현
10알	매춘 언급	선정적 표현
10창	매춘 언급	선정적 표현
10탱	매춘 언급	선정적 표현
18것	매춘 언급	선정적 표현
18넘	매춘 언급	선정적 표현
18년	매춘 언급	선정적 표현
18노	매춘 언급	선정적 표현
18놈	매춘 언급	선정적 표현
18뇬	매춘 언급	선정적 표현
18럼	매춘 언급	선정적 표현
18롬	매춘 언급	선정적 표현
18새	매춘 언급	선정적 표현
18새끼	매춘 언급	선정적 표현
18색	매춘 언급	선정적 표현
18세끼	매춘 언급	선정적 표현
18세리	매춘 언급	선정적 표현
18섹	매춘 언급	선정적 표현
18쉑	매춘 언급	선정적 표현
18스	매춘 언급	선정적 표현
18아	매춘 언급	선정적 표현
갈보	성기 언급	선정적 표현
갈보년	성기 언급	선정적 표현
같은년	여성 비하	비하적 표현
같은뇬	여성 비하	비하적 표현
개같은	일상적 욕설	욕설
개구라	일상적 욕설	욕설
개년	여성 비하	비하적 표현
개놈	일상적 욕설	욕설
개뇬	여성 비하	비하적 표현
개대중	정치인 비하	비하적 표현
개독	종교 비하	욕설
개돼중	정치인 비하	비하적 표현
개랄	일상적 욕설	욕설
개보지	성기 언급	선정적 표현
개뻥	일상적 욕설	욕설
개뿔	일상적 욕설	욕설
개새	일상적 욕설	욕설
개새기	일상적 욕설	욕설
개새끼	일상적 욕설	욕설
개새키	일상적 욕설	욕설
개색기	일상적 욕설	욕설
개색끼	일상적 욕설	욕설
개색키	일상적 욕설	욕설
개색히	일상적 욕설	욕설
개섀끼	일상적 욕설	욕설
개세	일상적 욕설	욕설
개세끼	일상적 욕설	욕설
개세이	일상적 욕설	욕설
개소리	일상적 욕설	욕설
개쑈	일상적 욕설	욕설
개쇳기	일상적 욕설	욕설
개수작	일상적 욕설	욕설
개쉐	일상적 욕설	욕설
개쉐리	일상적 욕설	욕설
개쉐이	일상적 욕설	욕설
개쉑	일상적 욕설	욕설
개쉽	일상적 욕설	욕설
개스끼	일상적 욕설	욕설
개시키	일상적 욕설	욕설
개십새기	일상적 욕설	욕설
개십새끼	일상적 욕설	욕설
개쐑	일상적 욕설	욕설
개씹	매춘 언급	선정적 표현
개아들	일상적 욕설	욕설
개자슥	일상적 욕설	욕설
개자지	성기 언급	선정적 표현
개좆	성기 언급	선정적 표현
개좌식	일상적 욕설	욕설
개허접	일상적 욕설	욕설
걔새	일상적 욕설	욕설
걔수작	일상적 욕설	욕설
걔시끼	일상적 욕설	욕설
걔시키	일상적 욕설	욕설
걔썌	일상적 욕설	욕설
걸레	매춘 언급	선정적 표현
게색기	일상적 욕설	욕설
게색끼	일상적 욕설	욕설
광뇬	여성 비하	비하적 표현
구녕	성기 언급	선정적 표현
구라	일상적 욕설	욕설
구멍	성기 언급	선정적 표현
그년	여성 비하	비하적 표현
그새끼	일상적 욕설	욕설
놈현	정치인 비하	비하적 표현
뇬	여성 비하	비하적 표현
눈깔	일상적 욕설	욕설
뉘미럴	일상적 욕설	욕설
니귀미	일상적 욕설	욕설
니기미	일상적 욕설	욕설
니미	일상적 욕설	욕설
니미랄	일상적 욕설	욕설
니미럴	일상적 욕설	욕설
니미씹	매춘 언급	선정적 표현
니아배	가족 욕	욕설
니아베	가족 욕	욕설
니아비	가족 욕	욕설
니어매	가족 욕	욕설
니어메	가족 욕	욕설
니어미	가족 욕	욕설
닝기리	가족 욕	욕설
닝기미	가족 욕	욕설
대가리	일상적 욕설	욕설
뎡신	일상적 욕설	욕설
도라이	일상적 욕설	욕설
돌아이	일상적 욕설	욕설
돌은놈	일상적 욕설	욕설
되질래	살인	폭력적 표현
뒈져	살인	폭력적 표현
뒈져라	살인	폭력적 표현
뒈진	살인	폭력적 표현
뒈진다	살인	폭력적 표현
뒈질	살인	폭력적 표현
뒤질래	살인	폭력적 표현
등신	일상적 욕설	욕설
디져라	살인	폭력적 표현
디진다	살인	폭력적 표현
디질래	살인	폭력적 표현
또라이	일상적 욕설	욕설
똘아이	일상적 욕설	욕설
뚜쟁	매춘 언급	선정적 표현
띠바	매춘 언급	선정적 표현
띠발	매춘 언급	선정적 표현
띠불	매춘 언급	선정적 표현
띠팔	매춘 언급	선정적 표현
메친넘	일상적 욕설	욕설
메친놈	일상적 욕설	욕설
미췬	일상적 욕설	욕설
미친	일상적 욕설	욕설
미친넘	일상적 욕설	욕설
미친년	여성 비하	비하적 표현
미친놈	일상적 욕설	욕설
미친새끼	일상적 욕설	욕설
미친스까이	일상적 욕설	욕설
미틴	일상적 욕설	욕설
미틴넘	일상적 욕설	욕설
미틴년	여성 비하	비하적 표현
미틴놈	일상적 욕설	욕설
바랄년	여성 비하	비하적 표현
병자	일상적 욕설	욕설
뱅신	일상적 욕설	욕설
벼엉신	일상적 욕설	욕설
병쉰	일상적 욕설	욕설
병신	일상적 욕설	욕설
부랄	성기 언급	선정적 표현
부럴	성기 언급	선정적 표현
불알	성기 언급	선정적 표현
불할	성기 언급	선정적 표현
붕가	성기 언급	선정적 표현
븅신	일상적 욕설	욕설
빙시	일상적 욕설	욕설
빙신	일상적 욕설	욕설
빠가	일상적 욕설	욕설
빠구리	성교 언급	선정적 표현
빠굴	성교 언급	선정적 표현
빠큐	일상적 욕설	욕설
뻐큐	일상적 욕설	욕설
뻑큐	일상적 욕설	욕설
뽁큐	일상적 욕설	욕설
상넘이	일상적 욕설	욕설
상놈을	일상적 욕설	욕설
상놈의	일상적 욕설	욕설
상놈이	일상적 욕설	욕설
새갸	일상적 욕설	욕설
새꺄	일상적 욕설	욕설
새끼	일상적 욕설	욕설
새새끼	일상적 욕설	욕설
새키	일상적 욕설	욕설
색끼	일상적 욕설	욕설
생쑈	일상적 욕설	욕설
세갸	일상적 욕설	욕설
세꺄	일상적 욕설	욕설
세끼	일상적 욕설	욕설
섹스	성교 언급	선정적 표현
쇼하네	일상적 욕설	욕설
쉐	일상적 욕설	욕설
쉐기	일상적 욕설	욕설
쉐끼	일상적 욕설	욕설
쉐리	일상적 욕설	욕설
쉐에기	일상적 욕설	욕설
쉐키	일상적 욕설	욕설
쉑	일상적 욕설	욕설
쉣	일상적 욕설	욕설
쉨	일상적 욕설	욕설
쉬발	매춘 언급	선정적 표현
쉬밸	매춘 언급	선정적 표현
쉬벌	매춘 언급	선정적 표현
쉬뻘	매춘 언급	선정적 표현
쉬펄	매춘 언급	선정적 표현
쉽알	매춘 언급	선정적 표현
스패킹	성교 언급	선정적 표현
시끼	일상적 욕설	욕설
시댕	일상적 욕설	욕설
시뎅	일상적 욕설	욕설
시발	매춘 언급	선정적 표현
시벌	매춘 언급	선정적 표현
시부랄	매춘 언급	선정적 표현
시부럴	매춘 언급	선정적 표현
시불	매춘 언급	선정적 표현
시브랄	매춘 언급	선정적 표현
시팍	매춘 언급	선정적 표현
시팔	매춘 언급	선정적 표현
시펄	매춘 언급	선정적 표현
심탱	매춘 언급	선정적 표현
십라	매춘 언급	선정적 표현
십새	매춘 언급	선정적 표현
십새끼	매춘 언급	선정적 표현
십세	매춘 언급	선정적 표현
십쉐	매춘 언급	선정적 표현
십쉐이	매춘 언급	선정적 표현
십스키	매춘 언급	선정적 표현
십쌔	매춘 언급	선정적 표현
십창	매춘 언급	선정적 표현
십탱	매춘 언급	선정적 표현
싶알	매춘 언급	선정적 표현
싸가지	일상적 욕설	욕설
싹아지	일상적 욕설	욕설
쌉년	여성 비하	비하적 표현
쌍넘	여성 비하	비하적 표현
쌍년	여성 비하	비하적 표현
쌍놈	여성 비하	비하적 표현
쌍뇬	여성 비하	비하적 표현
쌔끼	일상적 욕설	욕설
쌕	성교 언급	선정적 표현
쌩쑈	일상적 욕설	욕설
쌴년	여성 비하	비하적 표현
썅	일상적 욕설	욕설
썅년	여성 비하	비하적 표현
썅놈	일상적 욕설	욕설
썡쇼	일상적 욕설	욕설
써벌	일상적 욕설	욕설
썩을년	여성 비하	비하적 표현
썩을놈	일상적 욕설	욕설
쎄꺄	일상적 욕설	욕설
쒸벌	매춘 언급	선정적 표현
쒸뻘	매춘 언급	선정적 표현
쒸팔	매춘 언급	선정적 표현
쒸펄	매춘 언급	선정적 표현
쓰바	매춘 언급	선정적 표현
쓰박	매춘 언급	선정적 표현
쓰발	매춘 언급	선정적 표현
쓰벌	매춘 언급	선정적 표현
쓰팔	매춘 언급	선정적 표현
씁새	매춘 언급	선정적 표현
씁얼	매춘 언급	선정적 표현
씌파	매춘 언급	선정적 표현
씨8	매춘 언급	선정적 표현
씨끼	매춘 언급	선정적 표현
씨댕	매춘 언급	선정적 표현
씨뎅	매춘 언급	선정적 표현
씨바	매춘 언급	선정적 표현
씨바랄	매춘 언급	선정적 표현
씨박	매춘 언급	선정적 표현
씨발	매춘 언급	선정적 표현
씨방	매춘 언급	선정적 표현
씨방새	매춘 언급	선정적 표현
씨방세	매춘 언급	선정적 표현
씨밸	매춘 언급	선정적 표현
씨뱅	매춘 언급	선정적 표현
씨벌	매춘 언급	선정적 표현
씨벨	매춘 언급	선정적 표현
씨봉	매춘 언급	선정적 표현
씨봉알	매춘 언급	선정적 표현
씨부랄	매춘 언급	선정적 표현
씨부럴	매춘 언급	선정적 표현
씨부렁	매춘 언급	선정적 표현
씨부리	매춘 언급	선정적 표현
씨불	매춘 언급	선정적 표현
씨붕	매춘 언급	선정적 표현
씨브랄	매춘 언급	선정적 표현
씨빠	매춘 언급	선정적 표현
씨빨	매춘 언급	선정적 표현
씨뽀랄	매춘 언급	선정적 표현
씨앙	매춘 언급	선정적 표현
씨파	매춘 언급	선정적 표현
씨팍	매춘 언급	선정적 표현
씨팔	매춘 언급	선정적 표현
씨펄	매춘 언급	선정적 표현
씸년	여성 비하	비하적 표현
씸뇬	여성 비하	비하적 표현
씸새끼	매춘 언급	선정적 표현
씹같	매춘 언급	선정적 표현
씹년	여성 비하	비하적 표현
씹뇬	여성 비하	비하적 표현
씹보지	성기 언급	선정적 표현
씹새	매춘 언급	선정적 표현
씹새기	매춘 언급	선정적 표현
씹새끼	매춘 언급	선정적 표현
씹새리	매춘 언급	선정적 표현
씹세	매춘 언급	선정적 표현
씹쉐	매춘 언급	선정적 표현
씹스키	매춘 언급	선정적 표현
씹쌔	매춘 언급	선정적 표현
씹이	매춘 언급	선정적 표현
씹자지	성기 언급	선정적 표현
씹질	성교 언급	선정적 표현
씹창	성교 언급	선정적 표현
씹탱	매춘 언급	선정적 표현
씹퇭	매춘 언급	선정적 표현
씹팔	매춘 언급	선정적 표현
씹할	매춘 언급	선정적 표현
씹헐	매춘 언급	선정적 표현
아가리	일상적 욕설	욕설
아갈	일상적 욕설	욕설
아갈이	일상적 욕설	욕설
아갈통	일상적 욕설	욕설
아구창	일상적 욕설	욕설
아구통	일상적 욕설	욕설
아굴	일상적 욕설	욕설
얌마	일상적 욕설	욕설
양넘	일상적 욕설	욕설
양년	일상적 욕설	욕설
양놈	일상적 욕설	욕설
엄창	가족 욕	욕설
엠병	일상적 욕설	욕설
염병	일상적 욕설	욕설
엿같	일상적 욕설	욕설
옘병	일상적 욕설	욕설
옘빙	일상적 욕설	욕설
오입	성교 언급	선정적 표현
왜년	여성 비하	비하적 표현
왜놈	일상적 욕설	욕설
욤병	일상적 욕설	욕설
육갑	일상적 욕설	욕설
이년	여성 비하	비하적 표현
이새끼	일상적 욕설	욕설
이새키	일상적 욕설	욕설
이스끼	일상적 욕설	욕설
이스키	일상적 욕설	욕설
임마	일상적 욕설	욕설
자슥	일상적 욕설	욕설
잡것	일상적 욕설	욕설
잡넘	일상적 욕설	욕설
잡년	여성 비하	비하적 표현
잡놈	일상적 욕설	욕설
저년	여성 비하	비하적 표현
저새끼	일상적 욕설	욕설
젖밥	성기 언급	선정적 표현
조까	성기 언급	선정적 표현
조까치	성기 언급	선정적 표현
조또	성기 언급	선정적 표현
조빠	성기 언급	선정적 표현
조진다	구타	폭력적 표현
조질래	구타	폭력적 표현
존나	일상적 욕설	욕설
존나게	일상적 욕설	욕설
존니	일상적 욕설	욕설
존만	일상적 욕설	욕설
존만한	성기 언급	선정적 표현
좀물	성기 언급	선정적 표현
좁년	여성 비하	비하적 표현
좁밥	성기 언급	선정적 표현
좃까	성기 언급	선정적 표현
좃또	성기 언급	선정적 표현
좃만	성기 언급	선정적 표현
좃밥	성기 언급	선정적 표현
좃이	성기 언급	선정적 표현
좃찐	성기 언급	선정적 표현
좆같	성기 언급	선정적 표현
좆까	성기 언급	선정적 표현
좆나	성기 언급	선정적 표현
좆또	성기 언급	선정적 표현
좆만	성기 언급	선정적 표현
좆밥	성기 언급	선정적 표현
좆이	성기 언급	선정적 표현
좆찐	성기 언급	선정적 표현
좇같	성기 언급	선정적 표현
좇이	성기 언급	선정적 표현
주글	살인	폭력적 표현
주글래	살인	폭력적 표현
주데이	일상적 욕설	욕설
주뎅	일상적 욕설	욕설
주뎅이	일상적 욕설	욕설
주둥아리	일상적 욕설	욕설
주둥이	일상적 욕설	욕설
주접	일상적 욕설	욕설
주접떨	일상적 욕설	욕설
죽고잡	살인	폭력적 표현
죽을래	살인	폭력적 표현
쥐랄	일상적 욕설	욕설
쥐롤	일상적 욕설	욕설
지랄	일상적 욕설	욕설
지럴	일상적 욕설	욕설
지롤	일상적 욕설	욕설
지미랄	일상적 욕설	욕설
짜식	일상적 욕설	욕설
짜아식	일상적 욕설	욕설
쪼다	일상적 욕설	욕설
쫍빱	성기 언급	선정적 표현
창녀	매춘 언급	선정적 표현
캐년	여성 비하	비하적 표현
캐놈	일상적 욕설	욕설
캐스끼	일상적 욕설	욕설
캐스키	일상적 욕설	욕설
캐시키	일상적 욕설	욕설
퍽큐	일상적 욕설	욕설
호로	일상적 욕설	욕설
호로놈	일상적 욕설	욕설
호로새끼	일상적 욕설	욕설
호로색	일상적 욕설	욕설
호로쉑	일상적 욕설	욕설
호로스까이	일상적 욕설	욕설
호로스키	일상적 욕설	욕설
후라들	일상적 욕설	욕설
후래자식	일상적 욕설	욕설
후레	일상적 욕설	욕설
후뢰 	일상적 욕설	욕설
3일한	여성 비하	비하적 표현
간철수	정치인 비하	비하적 표현
개독교	종교 비하	욕설
개쌍도	지역 비하	비하적 표현
개쌍디언	지역 비하	비하적 표현
게이	동성애 비하	비하적 표현
경상디언	지역 비하	비하적 표현
고무통	정치인 비하	비하적 표현
고무현	정치인 비하	비하적 표현
규재찡	정치인 비하	비하적 표현
근혜찡	정치인 비하	비하적 표현
김치남	일상적 욕설	욕설
김치녀	여성 비하	비하적 표현
까보전	지역 비하	비하적 표현
꼬춘쿠키	젠더 비하	비하적 표현
나랑께	지역 비하	비하적 표현
낙태충	여성 비하	비하적 표현
냄져	젠더 비하	비하적 표현
네다보	여성 비하	비하적 표현
네다통	지역 비하	비하적 표현
네다홍	지역 비하	비하적 표현
노무노무	정치인 비하	비하적 표현
노미넴	정치인 비하	비하적 표현
노부엉	정치인 비하	비하적 표현
노시계	정치인 비하	비하적 표현
노알라	정치인 비하	비하적 표현
노오란	정치인 비하	비하적 표현
노오랗	정치인 비하	비하적 표현
노운지	정치인 비하	비하적 표현
노짱	정치인 비하	비하적 표현
뇌물현	정치인 비하	비하적 표현
다이쥬	정치인 비하	비하적 표현
다카키마사오	정치인 비하	비하적 표현
로린이	여성 비하	비하적 표현
머중	정치인 비하	비하적 표현
멍청도	지역 비하	비하적 표현
메갈	젠더 비하	비하적 표현
명예자지	젠더 비하	비하적 표현
무현RT	정치인 비하	비하적 표현
미러링	젠더 비하	비하적 표현
박원숭	정치인 비하	비하적 표현
보라니	젠더 비하	비하적 표현
보력지원	젠더 비하	비하적 표현
보밍	젠더 비하	비하적 표현
보빨	젠더 비하	비하적 표현
보슬	젠더 비하	비하적 표현
보테크	젠더 비하	비하적 표현
보혐	젠더 비하	비하적 표현
부랄발광	젠더 비하	비하적 표현
붸충	젠더 비하	비하적 표현
빵즈	젠더 비하	비하적 표현
설라디언	지역 비하	비하적 표현
슨상	정치인 비하	비하적 표현
슨상님	정치인 비하	비하적 표현
씹치	젠더 비하	비하적 표현
씹치남	젠더 비하	비하적 표현
암베	여성 비하	비하적 표현
애비충	젠더 비하	비하적 표현
엑윽	장애인 비하	비하적 표현
여혐	여성 비하	비하적 표현
우덜식	지역 비하	비하적 표현
우돌식	지역 비하	비하적 표현
운지	정치인 비하	비하적 표현
자1지	성기 언급	선정적 표현
자들자들	성기 언급	선정적 표현
자릉내	성기 언급	선정적 표현
자취냄	성기 언급	선정적 표현
자혐	성기 언급	선정적 표현
장애인	장애인 비하	비하적 표현
재기찡	젠더 비하	비하적 표현
재기하다	젠더 비하	비하적 표현
전땅크	정치인 비하	비하적 표현
전라디언	지역 비하	비하적 표현
좌고라	정치인 비하	비하적 표현
좌빨	정치인 비하	비하적 표현
좌음	정치인 비하	비하적 표현
좌좀	정치인 비하	비하적 표현
주절먹	여성 비하	비하적 표현
중력절	정치인 비하	비하적 표현
짱깨	외국인 비하	비하적 표현
쪽국	외국인 비하	비하적 표현
챙놈	외국인 비하	비하적 표현
코르셋	젠더 비하	비하적 표현
탈김치	젠더 비하	비하적 표현
탈라도	지역 비하	비하적 표현
통구이	지역 비하	비하적 표현
통궈	지역 비하	비하적 표현
투명애비	젠더 비하	비하적 표현
틀딱	노인 비하	비하적 표현
피떡갈비	구타	폭력적 표현
핑좆남	성기 언급	선정적 표현
한남	젠더 비하	비하적 표현
한남또	젠더 비하	비하적 표현
한남충	젠더 비하	비하적 표현
핵대중	정치인 비하	비하적 표현
핵펭귄	정치인 비하	비하적 표현
허수애비	젠더 비하	비하적 표현
호뽑뽑요	지역 비하	비하적 표현
혼외수	특정인 비하	비하적 표현
홍어	지역 비하	비하적 표현
홍팍	지역 비하	비하적 표현
민주화	일베 용어	욕설
느금마	가족 욕	욕설
니애미	가족 욕	욕설
니엄마	가족 욕	욕설
니애비	가족 욕	욕설
느그애비	가족 욕	욕설
느그애미	가족 욕	욕설
애미터	가족 욕	욕설
애미뒤	가족 욕	욕설
앰뒤	가족 욕	욕설
앰창	가족 욕	욕설
강간	구타	폭력적 표현
개같	일상적 욕설	욕설
개미친	일상적 욕설	욕설
개부랄	성기 언급	선정적 표현
개불알	성기 언급	선정적 표현
개빠구리	성교 언급	선정적 표현
개뼉다구	일상적 욕설	욕설
개색	일상적 욕설	욕설
개쌔끼	일상적 욕설	욕설
개자석	일상적 욕설	욕설
개자식	일상적 욕설	욕설
꼴통	일상적 욕설	욕설
느그엄마	일상적 욕설	욕설
느검마	일상적 욕설	욕설
대갈	일상적 욕설	욕설
대갈빡	일상적 욕설	욕설
대갈통	일상적 욕설	욕설
대굴빡	일상적 욕설	욕설
뒤질	일상적 욕설	욕설
등쉰	일상적 욕설	욕설
딸따뤼	성적 표현	선정적 표현
딸따리	성적 표현	선정적 표현
딸딸	성적 표현	선정적 표현
딸딸이	성적 표현	선정적 표현
똘추	일상적 욕설	욕설
매춘	매춘 언급	선정적 표현
몸파는	매춘 언급	선정적 표현
발정	성적 표현	선정적 표현
배때지	일상적 욕설	욕설
보지	성기 언급	선정적 표현
보짓	성기 언급	선정적 표현
보털	성기 언급	선정적 표현
븅딱	일상적 욕설	욕설
븅삼	일상적 욕설	욕설
븅쉰	일상적 욕설	욕설
빙딱	일상적 욕설	욕설
빙삼	일상적 욕설	욕설
빠구뤼	성교 언급	선정적 표현
빠꾸리	성교 언급	선정적 표현
빠꾸뤼	성교 언급	선정적 표현
빠순이	성교 언급	선정적 표현
뽀르노	성적 표현	선정적 표현
뽀오지	성기 언급	선정적 표현
사까쉬	성적 표현	선정적 표현
사까시	성적 표현	선정적 표현
상노무	일상적 욕설	욕설
상놈	일상적 욕설	욕설
새1끼	일상적 욕설	욕설
새뀌	일상적 욕설	욕설
새뤼	일상적 욕설	욕설
새리	일상적 욕설	욕설
새캬	일상적 욕설	욕설
성감대	성적 표현	선정적 표현
성경험	성적 표현	선정적 표현
성관계	성적 표현	선정적 표현
성교육	성적 표현	선정적 표현
섹하고	성적 표현	선정적 표현
섹하구	성교 언급	선정적 표현
섹하자	성교 언급	선정적 표현
섹하장	성교 언급	선정적 표현
쉬빨	매춘 언급	선정적 표현
쉬뿔	매춘 언급	선정적 표현
쉬파	매춘 언급	선정적 표현
쉬팍	매춘 언급	선정적 표현
쉬팔	매춘 언급	선정적 표현
쉬팡	매춘 언급	선정적 표현
쉬퐁	매춘 언급	선정적 표현
스댕	매춘 언급	선정적 표현
스뎅	매춘 언급	선정적 표현
스발	매춘 언급	선정적 표현
스벌	매춘 언급	선정적 표현
스와핑	성교 언급	선정적 표현
스왑	성교 언급	선정적 표현
스트립	성적 표현	선정적 표현
스팔	매춘 언급	선정적 표현
스펄	매춘 언급	선정적 표현
슴가	성적 표현	선정적 표현
싀발	매춘 언급	선정적 표현
싀밸	매춘 언급	선정적 표현
싀벌	매춘 언급	선정적 표현
싀벨	매춘 언급	선정적 표현
싀봉	매춘 언급	선정적 표현
싀팍	매춘 언급	선정적 표현
싀팔	매춘 언급	선정적 표현
싀펄	매춘 언급	선정적 표현
시1발	매춘 언급	선정적 표현
싸갈통	일상적 욕설	욕설
싸까시	성적 표현	선정적 표현
싸이코	일상적 욕설	욕설
싸카시	성적 표현	선정적 표현
쌍너엄	일상적 욕설	욕설
쌍넌	여성 비하	비하적 표현
쌍녀언	여성 비하	비하적 표현
쌍눔	일상적 욕설	욕설
쌍늠	일상적 욕설	욕설
썅넘	일상적 욕설	욕설
썅뇬	여성 비하	비하적 표현
썅눔	일상적 욕설	욕설
썅늠	일상적 욕설	욕설
써글	일상적 욕설	욕설
썩을넘	일상적 욕설	욕설
썩을뇬	여성 비하	비하적 표현
썩을눔	일상적 욕설	욕설
썩을늠	일상적 욕설	욕설
씌바	매춘 언급	선정적 표현
씌박	매춘 언급	선정적 표현
씌발	매춘 언급	선정적 표현
씌방	매춘 언급	선정적 표현
씌밸	매춘 언급	선정적 표현
씌벌	매춘 언급	선정적 표현
씌벙	매춘 언급	선정적 표현
씌벨	매춘 언급	선정적 표현
씌부랄	성기 언급	선정적 표현
씌불	매춘 언급	선정적 표현
씌블	매춘 언급	선정적 표현
씌빌	매춘 언급	선정적 표현
씌빨	매춘 언급	선정적 표현
씌뻘	매춘 언급	선정적 표현
씌팍	매춘 언급	선정적 표현
씌팔	매춘 언급	선정적 표현
씌팡	매춘 언급	선정적 표현
씌펄	매춘 언급	선정적 표현
씌퐈	매춘 언급	선정적 표현
씌퐝	매춘 언급	선정적 표현
씨1발	매춘 언급	선정적 표현
씹	성교 언급	선정적 표현
아구리	일상적 욕설	욕설
아구지	일상적 욕설	욕설
아굴창	일상적 욕설	욕설
자쥐	성기 언급	선정적 표현
자즤	성기 언급	선정적 표현
조옷	성기 언급	선정적 표현
좆	성기 언급	선정적 표현
창년	매춘 언급	선정적 표현
후장	성적 표현	선정적 표현
?10새끼	매춘 언급	선정적 표현
10새퀴	매춘 언급	선정적 표현
10색	매춘 언급	선정적 표현
10섹	매춘 언급	선정적 표현
10팔	매춘 언급	선정적 표현
18쉐	매춘 언급	선정적 표현
18시키	매춘 언급	선정적 표현
18운영자	매춘 언급	선정적 표현
갈보뇬	성적 표현	선정적 표현
개가튼	일상적 욕설	욕설
개너므새뀌	일상적 욕설	욕설
개넘	일상적 욕설	욕설
개넘새뀌	일상적 욕설	욕설
개넘새끼	일상적 욕설	욕설
개넘쉐뤼	일상적 욕설	욕설
개넘쉬끼	일상적 욕설	욕설
개노무새끼	일상적 욕설	욕설
개놈의새끼	일상적 욕설	욕설
개늠	일상적 욕설	욕설
개늠새끼	일상적 욕설	욕설
개늠쉑	일상적 욕설	욕설
개늠의새뀌	일상적 욕설	욕설
개늠의새끼	일상적 욕설	욕설
개때끼	일상적 욕설	욕설
개새꺄	일상적 욕설	욕설
개새뀌	일상적 욕설	욕설
개새리	일상적 욕설	욕설
개새야	일상적 욕설	욕설
개새이	일상적 욕설	욕설
개샛끼	일상적 욕설	욕설
개세리	일상적 욕설	욕설
개세야	일상적 욕설	욕설
개섹	일상적 욕설	욕설
개쉑기	일상적 욕설	욕설
개쉑끼	일상적 욕설	욕설
개쉑이	일상적 욕설	욕설
개시끼	일상적 욕설	욕설
개시빨좃밥	성기 언급	선정적 표현
개시오페아	일상적 욕설	욕설
개시퀴	일상적 욕설	욕설
개십팔	매춘 언급	선정적 표현
개쌍년	여성 비하	비하적 표현
개쒜리	일상적 욕설	욕설
개쒸빨놈	매춘 언급	선정적 표현
개쓉	성교 언급	선정적 표현
개씹좃	성기 언급	선정적 표현
개자쉭	일상적 욕설	욕설
개잡년	여성 비하	비하적 표현
개젓	성기 언급	선정적 표현
개젖	성기 언급	선정적 표현
개젗	성기 언급	선정적 표현
개좃	성기 언급	선정적 표현
개좇	성기 언급	선정적 표현
개쪼다	일상적 욕설	욕설
개허벌년	성적 표현	선정적 표현
걔섀끼	일상적 욕설	욕설
걸래	성적 표현	선정적 표현
게가튼	일상적 욕설	욕설
게같은	일상적 욕설	욕설
게넘	일상적 욕설	욕설
게년	여성 비하	비하적 표현
게놈	일상적 욕설	욕설
게눔	일상적 욕설	욕설
게늠	일상적 욕설	욕설
게세꺄	일상적 욕설	욕설
게세끼	일상적 욕설	욕설
게세리	일상적 욕설	욕설
게세야꺼져	일상적 욕설	욕설
게섹	일상적 욕설	욕설
게쉐리	일상적 욕설	욕설
게쉑	일상적 욕설	욕설
게시끼	일상적 욕설	욕설
게자쉭	일상적 욕설	욕설
게자슥	일상적 욕설	욕설
게자식	일상적 욕설	욕설
계집	여성 비하	비하적 표현
고도리쌍년	여성 비하	비하적 표현
구멍에쑤실까	성적 표현	선정적 표현
구멍질	성적 표현	선정적 표현
귀두	성적 표현	선정적 표현
그거할년	성적 표현	선정적 표현
김택진수사대	특정인 비하	비하적 표현
김택진운영자	특정인 비하	비하적 표현
까진년	여성 비하	비하적 표현
깨쌔리	일상적 욕설	욕설
꺼져상년	여성 비하	비하적 표현
꼬까꼴려	성적 표현	선정적 표현
꼬까꼴렸어	성적 표현	선정적 표현
꼴리	성적 표현	선정적 표현
꽁깐년	성적 표현	선정적 표현
나너먹을께	성적 표현	선정적 표현
나는좃대가리	성적 표현	선정적 표현
나도생리중	성적 표현	선정적 표현
나이뻐허벌년	성적 표현	선정적 표현
나이호로	일상적 욕설	욕설
나좃마니야	성기 언급	선정적 표현
나좃바	성기 언급	선정적 표현
나좃밥치지마	성기 언급	선정적 표현
나치면좃밥	성기 언급	선정적 표현
난시불뇬이다	매춘 언급	선정적 표현
난잡년	여성 비하	비하적 표현
난좃	여성 비하	비하적 표현
난창녀	매춘 언급	선정적 표현
날아가는년	여성 비하	비하적 표현
내좃	여성 비하	비하적 표현
너두죽어봐	살인	폭력적 표현
너뒤져볼래	죽음	폭력적 표현
넌좃밥	성기 언급	선정적 표현
넣게벌려	성적 표현	선정적 표현
녕자그지	성적 표현	선정적 표현
노브라	성적 표현	선정적 표현
노틀담에꼬추	성기 언급	선정적 표현
누가진짜뵨태	성적 표현	선정적 표현
누워라이년아	여성 비하	비하적 표현
뉘기미	가족 욕	욕설
뉘뮈	가족 욕	욕설
뉘미	가족 욕	욕설
뉘미랄	가족 욕	욕설
뉘밀얼	가족 욕	욕설
뉘밀할	가족 욕	욕설
뉘이미	가족 욕	욕설
느그에미	가족 욕	욕설
늬미	가족 욕	욕설
니기뮈	가족 욕	욕설
니김이	가족 욕	욕설
니네애비다	가족 욕	욕설
니들다좃이다	성기 언급	선정적 표현
니매미좃	가족 욕	욕설
니뮈	가족 욕	욕설
니뮈랄	가족 욕	욕설
니뮈럴	가족 욕	욕설
니뮈쒸발	가족 욕	욕설
니밀할	가족 욕	욕설
니부랄	성기 언급	선정적 표현
니어미배째	가족 욕	욕설
니에비	가족 욕	욕설
니이미	가족 욕	욕설
니임이	가족 욕	욕설
니조랄머리	성기 언급	선정적 표현
니조지다	성기 언급	선정적 표현
니좃	성기 언급	선정적 표현
닉이미	가족 욕	욕설
닉임이	가족 욕	욕설
닌기미18	가족 욕	욕설
닐기랄년	여성 비하	비하적 표현
닝기미좃	성기 언급	선정적 표현
다뎀벼좃밥들	성기 언급	선정적 표현
다리벌려	성적 표현	선정적 표현
닥대가리	동물에 비유하여 욕	NULL
닥대갈	동물에 비유하여 욕	NULL
닥대구빡	동물에 비유하여 욕	NULL
닭대가리	동물에 비유하여 욕	NULL
닭대갈	동물에 비유하여 욕	NULL
닭데갈	동물에 비유하여 욕	NULL
닭뒈가리	동물에 비유하여 욕	NULL
닭퉁	동물에 비유하여 욕	NULL
대가빡	일상적 욕설	욕설
대갈탱	일상적 욕설	욕설
대갈탱이	일상적 욕설	욕설
대갈퉁	일상적 욕설	욕설
대줄년	성적 표현	선정적 표현
더러운년	여성 비하	비하적 표현
돌대가리	일상적 욕설	욕설
돌머리	일상적 욕설	욕설
둔탱이	일상적 욕설	욕설
뒤로너어줘	성적 표현	선정적 표현
뒤져	살인	폭력적 표현
뒤진다	살인	폭력적 표현
디랄	일상적 욕설	욕설
디럴	일상적 욕설	욕설
디져	살인	폭력적 표현
디질	살인	폭력적 표현
따먹	성적 표현	선정적 표현
따이고시퍼	성적 표현	선정적 표현
딱지떼자	성적 표현	선정적 표현
딸다리	성적 표현	선정적 표현
딸달이	성적 표현	선정적 표현
떠라이	일상적 욕설	욕설
뚤린처녀막	성적 표현	선정적 표현
띠발새끼	성적 표현	선정적 표현
띠발섀끼	성적 표현	선정적 표현
띠발세끼	성적 표현	선정적 표현
띠발셰끼	성적 표현	선정적 표현
띠발쉐끼	성적 표현	선정적 표현
띠발스끼	성적 표현	선정적 표현
띠발시끼	성적 표현	선정적 표현
띠발아	성적 표현	선정적 표현
띠발자식	성적 표현	선정적 표현
띠방	성적 표현	선정적 표현
띠방새	성적 표현	선정적 표현
띠방세	성적 표현	선정적 표현
띠방쉐	성적 표현	선정적 표현
띠버럴	성적 표현	선정적 표현
띠벌	성적 표현	선정적 표현
띠벙세	성적 표현	선정적 표현
띠병할	성적 표현	선정적 표현
띠볼	성적 표현	선정적 표현
띠봉	성적 표현	선정적 표현
띠봉세	성적 표현	선정적 표현
띠봉알	성적 표현	선정적 표현
띠부랄	성적 표현	선정적 표현
띠부랄놈	성적 표현	선정적 표현
띠붕	성적 표현	선정적 표현
띠붕세	성적 표현	선정적 표현
띠브럴	성적 표현	선정적 표현
띠블	성적 표현	선정적 표현
띠이발	성적 표현	선정적 표현
띠이방	성적 표현	선정적 표현
띠이벌	성적 표현	선정적 표현
띠이볼	성적 표현	선정적 표현
띠이불	성적 표현	선정적 표현
띠이붕	성적 표현	선정적 표현
띠이팔	성적 표현	선정적 표현
띠이펄	성적 표현	선정적 표현
띠이풀	성적 표현	선정적 표현
레인보우좃밥	성기 언급	선정적 표현
뤼미럴	가족 욕	욕설
리미랄	가족 욕	욕설
리미럴	가족 욕	욕설
리얼섹	성교 언급	선정적 표현
마스터베이션	성적 표현	선정적 표현
막가좃다덤벼	성기 언급	선정적 표현
만져볼래	성적 표현	선정적 표현
만져주께	성적 표현	선정적 표현
만져줄년	여성 비하	비하적 표현
만져줄분	성적 표현	선정적 표현
만져줘	성적 표현	선정적 표현
말부랄	성기 언급	선정적 표현
말새끼	동물에 비유하여 욕	NULL
말좃	성기 언급	선정적 표현
맛간년	여성 비하	비하적 표현
망할놈	일상적 욕설	욕설
맞간년	여성 비하	비하적 표현
몸뚱이줄께	성적 표현	선정적 표현
몸안에사정	성적 표현	선정적 표현
몸팔어	성적 표현	선정적 표현
무적좃밥	성기 언급	선정적 표현
미이친뇬	여성 비하	비하적 표현
미진놈	일상적 욕설	욕설
미진뇬	여성 비하	비하적 표현
미췬년	여성 비하	비하적 표현
미췬놈	일상적 욕설	욕설
미췬뇬	여성 비하	비하적 표현
미치넘	일상적 욕설	욕설
미치년	여성 비하	비하적 표현
미치뇬	여성 비하	비하적 표현
미친개늠	일상적 욕설	욕설
미친개색기	동물에 비유하여 욕	NULL
미친개섹히	동물에 비유하여 욕	NULL
미친뇬	여성 비하	비하적 표현
미친뇽	여성 비하	비하적 표현
미친새뀌	일상적 욕설	욕설
미친새퀴	일상적 욕설	욕설
미친새키	일상적 욕설	욕설
미친색기	일상적 욕설	욕설
미친색이	일상적 욕설	욕설
미친색히	일상적 욕설	욕설
미친섀리	일상적 욕설	욕설
미친섹기	일상적 욕설	욕설
미친셰리	일상적 욕설	욕설
미친쉐끼	일상적 욕설	욕설
미친쉐리	일상적 욕설	욕설
미친쉑	일상적 욕설	욕설
미친쉑히	일상적 욕설	욕설
미친싸앙년	여성 비하	비하적 표현
미친싸앙놈	일상적 욕설	욕설
미친좃대가리	성기 언급	선정적 표현
미칭	일상적 욕설	욕설
미틴뇬	여성 비하	비하적 표현
밑구녕	성적 표현	선정적 표현
밑구녕빨기	성적 표현	선정적 표현
밑구멍	성적 표현	선정적 표현
ㅂㅅ	일상적 욕설	욕설
박고빼고	성적 표현	선정적 표현
박고싶다	성적 표현	선정적 표현
박고싶퍼	성적 표현	선정적 표현
박아줄게	성적 표현	선정적 표현
박아줄께	성적 표현	선정적 표현
밖에다쌀께	성적 표현	선정적 표현
발기	성적 표현	선정적 표현
배위에싸죠	성적 표현	선정적 표현
변태	일상적 욕설	욕설
변태새뀌	일상적 욕설	욕설
병시나	일상적 욕설	욕설
병시년아	여성 비하	비하적 표현
병시놈아	일상적 욕설	욕설
병시이	일상적 욕설	욕설
병어신	일상적 욕설	욕설
보오지	성기 언급	선정적 표현
뵤지	성기 언급	선정적 표현
뵹신	일상적 욕설	욕설
붕신	일상적 욕설	욕설
붕알	성기 언급	선정적 표현
뷰웅시나	일상적 욕설	욕설
뷰웅신	일상적 욕설	욕설
븅딱아	일상적 욕설	욕설
븅시나	일상적 욕설	욕설
브랄	성기 언급	선정적 표현
븡딱	일상적 욕설	욕설
빠가같은	일상적 욕설	욕설
빠가야로	일상적 욕설	욕설
빠가에로	일상적 욕설	욕설
빠굴이	성적 표현	선정적 표현
빡촌	성적 표현	선정적 표현
빡큐	일상적 욕설	욕설
빨아주고싶어	성적 표현	선정적 표현
빨아줄게	성적 표현	선정적 표현
빨아줄까	성적 표현	선정적 표현
빨아줄까요	성적 표현	선정적 표현
빨아줄께	성적 표현	선정적 표현
빨아줄꼐	성적 표현	선정적 표현
빨아줄래	성적 표현	선정적 표현
빨아줄수있어	성적 표현	선정적 표현
빨아줄여	성적 표현	선정적 표현
빨아줘	성적 표현	선정적 표현
빨어	성적 표현	선정적 표현
빨어핥어박어	성적 표현	선정적 표현
빨자좃	성적 표현	선정적 표현
빨통	성적 표현	선정적 표현
뻐뀨	성적 표현	선정적 표현
뻑뀨	성적 표현	선정적 표현
뻨뀨	성적 표현	선정적 표현
뻨유	성적 표현	선정적 표현
뻨큐	성적 표현	선정적 표현
뽀뀨	성적 표현	선정적 표현
뽀르노걸	성적 표현	선정적 표현
뽀르노보이	성적 표현	선정적 표현
뽀지	성적 표현	선정적 표현
뽀큐	성적 표현	선정적 표현
뽁뀨	성적 표현	선정적 표현
뽕브라	성적 표현	선정적 표현
뿡알	성적 표현	선정적 표현
삐꾸	일상적 욕설	욕설
ㅄ	일상적 욕설	욕설
ㅅㅂ	일상적 욕설	욕설
사창가	성적 표현	선정적 표현
사카시	성적 표현	선정적 표현
사카치	성적 표현	선정적 표현
사타구니	성적 표현	선정적 표현
삿까시	성적 표현	선정적 표현
삿깟시	성적 표현	선정적 표현
상년	여성 비하	비하적 표현
새대가리	동물에 비유하여 욕	NULL
새대갈	동물에 비유하여 욕	NULL
새대갈빡	동물에 비유하여 욕	NULL
새대갈탱	동물에 비유하여 욕	NULL
새대구빡	동물에 비유하여 욕	NULL
새데가리	동물에 비유하여 욕	NULL
새데갈	동물에 비유하여 욕	NULL
새데구빡	동물에 비유하여 욕	NULL
색녀	성적 표현	선정적 표현
색녀야	성적 표현	선정적 표현
색마	성적 표현	선정적 표현
색마같은것	성적 표현	선정적 표현
색수	성적 표현	선정적 표현
색스	성적 표현	선정적 표현
색쓰	성적 표현	선정적 표현
색여같네	성적 표현	선정적 표현
색파트너	성적 표현	선정적 표현
색할	성적 표현	선정적 표현
샹년	여성 비하	비하적 표현
성생활	성적 표현	선정적 표현
성체위	성적 표현	선정적 표현
성폭행	성적 표현	선정적 표현
성행위	성적 표현	선정적 표현
세게빨아	성적 표현	선정적 표현
세에쓰	성적 표현	선정적 표현
세에엑스	성적 표현	선정적 표현
세엑	성적 표현	선정적 표현
세엑수우	성적 표현	선정적 표현
세엑스	성적 표현	선정적 표현
섹걸	성적 표현	선정적 표현
섹골	성적 표현	선정적 표현
섹남	성적 표현	선정적 표현
섹녀	성적 표현	선정적 표현
섹뜨	성적 표현	선정적 표현
섹마	성적 표현	선정적 표현
섹마야	성적 표현	선정적 표현
섹소리	성적 표현	선정적 표현
섹쑤	성적 표현	선정적 표현
섹쓰	성적 표현	선정적 표현
섹여같은것	성적 표현	선정적 표현
섹파트너	성적 표현	선정적 표현
섹할	성적 표현	선정적 표현
섹해	성적 표현	선정적 표현
섹S	성적 표현	선정적 표현
쉐팔	일상적 욕설	욕설
쉬발년	여성 비하	비하적 표현
스트립쇼	성적 표현	선정적 표현
스트립쑈	성적 표현	선정적 표현
시발년	매춘 언급	선정적 표현
시발놈	매춘 언급	선정적 표현
시발눔	매춘 언급	선정적 표현
시발늠	매춘 언급	선정적 표현
시발새끼들아	매춘 언급	선정적 표현
시발시끼	매춘 언급	선정적 표현
시발좃	성기 언급	선정적 표현
시발좆	성기 언급	선정적 표현
시발좇	성기 언급	선정적 표현
시불놈	매춘 언급	선정적 표현
시불랑	매춘 언급	선정적 표현
시이발	매춘 언급	선정적 표현
시이벌	매춘 언급	선정적 표현
시이불	매춘 언급	선정적 표현
시이붕	매춘 언급	선정적 표현
시이팔	매춘 언급	선정적 표현
시이펄	매춘 언급	선정적 표현
시이풀	매춘 언급	선정적 표현
시입팔	매춘 언급	선정적 표현
시팔년	매춘 언급	선정적 표현
시팔년아	매춘 언급	선정적 표현
시팔놈	매춘 언급	선정적 표현
시팔놈아	매춘 언급	선정적 표현
신음소리	성적 표현	선정적 표현
십년	매춘 언급	선정적 표현
십뇬	매춘 언급	선정적 표현
십때끼	매춘 언급	선정적 표현
십땡구리	매춘 언급	선정적 표현
십땡그리	매춘 언급	선정적 표현
십땡글이	매춘 언급	선정적 표현
십떼끼	매춘 언급	선정적 표현
십세기	매춘 언급	선정적 표현
십세키	매춘 언급	선정적 표현
십시퀴	매춘 언급	선정적 표현
십쌔끼	매춘 언급	선정적 표현
십알	매춘 언급	선정적 표현
십을년	매춘 언급	선정적 표현
십좃	성기 언급	선정적 표현
십질	성적 표현	선정적 표현
십창년	매춘 언급	선정적 표현
ㅆㅂ	매춘 언급	선정적 표현
쎅스	성적 표현	선정적 표현
쒸발	매춘 언급	선정적 표현
쒸방	매춘 언급	선정적 표현
쒸벨	매춘 언급	선정적 표현
쒸부랄	성기 언급	선정적 표현
쒸부럴	성기 언급	선정적 표현
씨바새끼	매춘 언급	선정적 표현
씨방쉐	매춘 언급	선정적 표현
씨방쉐야	매춘 언급	선정적 표현
씨버럴	매춘 언급	선정적 표현
씨벵	매춘 언급	선정적 표현
씨벵이	매춘 언급	선정적 표현
씨볼	매춘 언급	선정적 표현
씨볼년	여성 비하	비하적 표현
씨볼년아	여성 비하	비하적 표현
씨볼놈	매춘 언급	선정적 표현
씨볼놈아	매춘 언급	선정적 표현
씨봉쉐	매춘 언급	선정적 표현
씨부롤	매춘 언급	선정적 표현
씨블	매춘 언급	선정적 표현
씨빠빠	매춘 언급	선정적 표현
씨빡셰끼	매춘 언급	선정적 표현
씨빨넘	매춘 언급	선정적 표현
씨빳다	매춘 언급	선정적 표현
씨앙넘	매춘 언급	선정적 표현
씨이발	매춘 언급	선정적 표현
씨이방	매춘 언급	선정적 표현
씨이뱅	매춘 언급	선정적 표현
씨이벌	매춘 언급	선정적 표현
씨이불	매춘 언급	선정적 표현
씨이붕	매춘 언급	선정적 표현
씨이빨	매춘 언급	선정적 표현
씨이팔	매춘 언급	선정적 표현
씨이펄	매춘 언급	선정적 표현
씨이풀	매춘 언급	선정적 표현
씨입쉐	매춘 언급	선정적 표현
씨입팔	매춘 언급	선정적 표현
씨입할	매춘 언급	선정적 표현
씨팍년	여성 비하	비하적 표현
씨팍놈	매춘 언급	선정적 표현
씨팍늠	매춘 언급	선정적 표현
씨팍새끼	매춘 언급	선정적 표현
씨팍아	매춘 언급	선정적 표현
씨펄년	여성 비하	비하적 표현
씨펄년아	여성 비하	비하적 표현
씨펄놈	매춘 언급	선정적 표현
암캐	성적 표현	선정적 표현
애로물	성적 표현	선정적 표현
애무	성적 표현	선정적 표현
애미	가족 욕	욕설
애비	가족 욕	욕설
애새끼	가족 욕	욕설
애애미	가족 욕	욕설
애애비	가족 욕	욕설
애액	성적 표현	선정적 표현
애자	일상적 욕설	욕설
얨병	일상적 욕설	욕설
에미	가족 욕	욕설
에비	가족 욕	욕설
에에미	가족 욕	욕설
에에비	가족 욕	욕설
오랄	성적 표현	선정적 표현
오럴	성적 표현	선정적 표현
오르가즘	성적 표현	선정적 표현
오빠흘러내려	성적 표현	선정적 표현
왕부랄	성기 언급	선정적 표현
왕좃	성기 언급	선정적 표현
왕좃밥	성기 언급	선정적 표현
ㅈㄹ	일상적 욕설	욕설
자위	성적 표현	선정적 표현
자위남	성적 표현	선정적 표현
자위녀	성적 표현	선정적 표현
자위하자	성적 표현	선정적 표현
자위할래	성적 표현	선정적 표현
자위행위	성적 표현	선정적 표현
자지	성기 언급	선정적 표현
자ji	성기 언급	선정적 표현
잘빨아	성적 표현	선정적 표현
잠쥐털	성기 언급	선정적 표현
잠지	성기 언급	선정적 표현
젖꼭지	성적 표현	선정적 표현
젖대가리	성적 표현	선정적 표현
젖만한	성적 표현	선정적 표현
젖밮	성적 표현	선정적 표현
졋같다	성적 표현	선정적 표현
조가튼	성기 언급	선정적 표현
조까라	성기 언급	선정적 표현
조까튼	성기 언급	선정적 표현
조루	성적 표현	선정적 표현
조빱	성적 표현	선정적 표현
조빺	성적 표현	선정적 표현
졸라	일상적 욕설	욕설
좃가튼년	여성 비하	비하적 표현
좃발들	성기 언급	선정적 표현
좃빠	성기 언급	선정적 표현
좃빨	성기 언급	선정적 표현
좃빱	성기 언급	선정적 표현
좃빺	성기 언급	선정적 표현
좃터는	성기 언급	선정적 표현
좇	성기 언급	선정적 표현
좇가튼	성기 언급	선정적 표현
좇같은	성기 언급	선정적 표현
좇까	성기 언급	선정적 표현
좇대가리	성기 언급	선정적 표현
좇도	성기 언급	선정적 표현
좇밥	성기 언급	선정적 표현
좇밮	성기 언급	선정적 표현
좇빠	성기 언급	선정적 표현
좇빨	성기 언급	선정적 표현
좇빱	성기 언급	선정적 표현
좇빺	성기 언급	선정적 표현
좇잡고	성기 언급	선정적 표현
죽일꺼	살인	폭력적 표현
죽일년	여성 비하	비하적 표현
쪽바리	외국인 비하	비하적 표현
창뇨	매춘 언급	선정적 표현
창뇬	매춘 언급	선정적 표현
처녀막	성적 표현	선정적 표현
처죽일년	살인	폭력적 표현
처죽일놈	살인	폭력적 표현
쳐죽인다	살인	폭력적 표현
쳐죽일	살인	폭력적 표현
쳐죽일것	살인	폭력적 표현
쳐죽일년	살인	폭력적 표현
쳐죽일놈	살인	폭력적 표현
클리토리스	성적 표현	선정적 표현
패니스	성기 언급	선정적 표현
퍼르노	성적 표현	선정적 표현
페니스	성기 언급	선정적 표현
포르노	성적 표현	선정적 표현
포온섹	성적 표현	선정적 표현
포큐	성적 표현	선정적 표현
허벌창	성적 표현	선정적 표현
허벌창년	성적 표현	선정적 표현
허벌창뇬	성적 표현	선정적 표현
